{"graph_0": {"_type": "graph-file", "path": "media/graph/graph_0_summary_6c1417dd.graph.json", "sha256": "6c1417dd84b9a0e88a58e184b00323b49e6027bae08abe3af212536f8f9d67be", "size": 55027}, "Training loss": 2.3559391498565674, "lr": 0.0, "global_step": 200, "_runtime": 193, "_timestamp": 1622363757, "_step": 5, "eval_loss": 2.276461362838745, "train_loss": 2.3559391498565674, "matches": 0}