global_step,eval_loss,train_loss,matches,wer
1078,1.9913254301548005,2.2077431678771973,0,351.11436360000005
2000,1.9365800728797913,2.349743604660034,0,314.3173831
2156,1.9195014719963073,1.0898667573928833,0,319.72070010000004
3234,2.0436752383708954,0.9966604709625244,0,264.0923549
4000,2.3819580283164976,0.34822478890419006,0,240.29210175
4312,2.424385490655899,0.8748053312301636,0,243.85754210000002
5390,2.620212109327316,0.42465147376060486,0,279.51579110000006
6000,2.7618796067237854,0.20797614753246307,0,208.79393875
6468,2.7345406692028047,0.32084596157073975,0,222.02099325
