global_step,eval_loss,train_loss,matches
100,2.386179288228353,3.420104503631592,0
200,2.276461362838745,2.3559391498565674,0
